<?xml version="1.0" encoding="UTF-8" ?>
<config>
  <abortOnConfigurationError>${solr.abortOnConfigurationError:true}</abortOnConfigurationError>

  <dataDir>${solr.core.dataDir}</dataDir>

  <indexDefaults>
    <useCompoundFile>false</useCompoundFile>
    <mergeFactor>10</mergeFactor>
    <ramBufferSizeMB>32</ramBufferSizeMB>
    <maxFieldLength>10000</maxFieldLength>
    <writeLockTimeout>1000</writeLockTimeout>
    <commitLockTimeout>10000</commitLockTimeout>
    <lockType>native</lockType>
  </indexDefaults>

  <mainIndex>
    <useCompoundFile>false</useCompoundFile>
    <ramBufferSizeMB>32</ramBufferSizeMB>
    <mergeFactor>10</mergeFactor>
    <unlockOnStartup>true</unlockOnStartup>
    <reopenReaders>true</reopenReaders>
    <deletionPolicy class="solr.SolrDeletionPolicy">
      <str name="maxCommitsToKeep">1</str>
      <str name="maxOptimizedCommitsToKeep">0</str>
    </deletionPolicy>
    <infoStream file="INFOSTREAM.txt">false</infoStream> 
  </mainIndex>

  <jmx />

  <updateHandler class="solr.DirectUpdateHandler2"/>

  <query>
    <maxBooleanClauses>1024</maxBooleanClauses>
    <filterCache class="solr.FastLRUCache" size="100000" initialSize="10000" autowarmCount="0"/>
    <queryResultCache class="solr.FastLRUCache" size="100000" initialSize="10000" autowarmCount="0"/>
    <documentCache class="solr.FastLRUCache" size="100000" initialSize="10000" autowarmCount="0"/>
    <enableLazyFieldLoading>true</enableLazyFieldLoading>
    <queryResultWindowSize>20</queryResultWindowSize>
    <queryResultMaxDocsCached>200</queryResultMaxDocsCached>
    <listener event="newSearcher" class="solr.QuerySenderListener">
      <arr name="queries">
      </arr>
    </listener>
    <listener event="firstSearcher" class="solr.QuerySenderListener">
      <arr name="queries">
        <lst> <str name="q">solr rocks</str><str name="start">0</str><str name="rows">10</str></lst>
        <lst><str name="q">static firstSearcher warming query from solrconfig.xml</str></lst>
      </arr>
    </listener>
    <useColdSearcher>false</useColdSearcher>
    <maxWarmingSearchers>2</maxWarmingSearchers>
  </query>

  <requestDispatcher handleSelect="true" >
    <requestParsers enableRemoteStreaming="true" multipartUploadLimitInKB="2048000" />
    <httpCaching lastModifiedFrom="openTime" etagSeed="Solr"/>
  </requestDispatcher>

  <requestHandler name="standard" class="solr.SearchHandler" default="true">
     <lst name="defaults">
       <str name="echoParams">explicit</str>
     </lst>
  </requestHandler>
  
  <!--
  <requestHandler name="dismax" class="solr.SearchHandler" >
    <lst name="defaults">
      <str name="defType">dismax</str>
      <str name="echoParams">explicit</str>
      <float name="tie">0.01</float>
      <str name="qf">title^50.0 subject^10.0 stemastitle^10.0 stemassubject^4.0 stemaspublisher^4.0 stemasnote^4.0 stemasauthor^4.0 publisher^10.0 note^10.0 identifier^10.0 displayasseries^10.0 displayasplacename^10.0 displayasmainclass^10.0 displayaslocalnote^10.0 displayasedition^10.0 displayasaddedentry^10.0 author^10.0</str>
      <str name="qf">title^50.0 subject^10.0 stemastitle^10.0 stemassubject^4.0 stemaspublisher^4.0 stemasnote^4.0 stemasauthor^4.0 publisher^10.0 note^10.0 identifier^10.0 displayasseries^10.0 displayasplacename^10.0 displayasmainclass^10.0 displayaslocalnote^10.0 displayasedition^10.0 displayasaddedentry^10.0 author^10.0</str>
      <str name="mm">2&lt;-1 5&lt;-2 6&lt;90%</str>
      <int name="ps">100</int>
      <str name="q.alt">*:*</str>
    </lst>
  </requestHandler>
  -->

  <requestHandler name="/replication" class="solr.ReplicationHandler" >
    <lst name="master">
      <str name="enable">${solr.enable.master:false}</str>
      <str name="replicateAfter">commit</str>
      <str name="replicateAfter">startup</str>
      <str name="confFiles">solrconfig.xml,schema.xml,stopwords.txt,protwords.txt,synonyms.txt,mapping-ISOLatin1Accent.txt</str>
    </lst>
    <lst name="slave">
      <str name="enable">${solr.enable.slave:false}</str>
      <str name="masterUrl">http://127.0.0.1:8983/solr/${solr.core.name}/replication</str>
      <str name="pollInterval">00:00:10</str>
      <str name="httpConnTimeout">5000</str>
      <str name="httpReadTimeout">10000</str>      
    </lst>
  </requestHandler>

  <requestHandler name="/update" class="solr.XmlUpdateRequestHandler" />

  <requestHandler name="/update/javabin" class="solr.BinaryUpdateRequestHandler" />

  <requestHandler name="/analysis/document" class="solr.DocumentAnalysisRequestHandler" />

  <requestHandler name="/analysis/field" class="solr.FieldAnalysisRequestHandler" />

  <requestHandler name="/update/csv" class="solr.CSVRequestHandler" startup="lazy" />

  <requestHandler name="/admin/" class="org.apache.solr.handler.admin.AdminHandlers" />

  <requestHandler name="/admin/ping" class="PingRequestHandler">
    <lst name="defaults">
      <str name="qt">standard</str>
      <str name="q">solrpingquery</str>
      <str name="echoParams">all</str>
    </lst>
  </requestHandler>

  <requestHandler name="/debug/dump" class="solr.DumpRequestHandler" >
    <lst name="defaults">
     <str name="echoParams">explicit</str> <!-- for all params (including the default etc) use: 'all' -->
     <str name="echoHandler">true</str>
    </lst>
  </requestHandler>

  <queryResponseWriter name="xslt" class="org.apache.solr.request.XSLTResponseWriter">
    <int name="xsltCacheLifetimeSeconds">5</int>
  </queryResponseWriter>

  <admin>
    <defaultQuery>solr</defaultQuery>
  </admin>

</config>
